{"cameraMode":{"drawMode":0,"name":"Shaded","section":"Shading Mode"},"sceneLighting":true,"audioPlay":false,"sceneViewState":{"m_AlwaysRefresh":false,"showFog":true,"showSkybox":true,"showFlares":true,"showImageEffects":true,"showParticleSystems":true,"showVisualEffectGraphs":true,"m_FxEnabled":true},"in2DMode":false,"pivot":{"x":7.166905403137207,"y":-1.9253835678100587,"z":-0.21962684392929078},"rotation":{"x":0.06885187327861786,"y":-0.7237157821655273,"z":0.07297792285680771,"w":0.6827725172042847},"size":0.6537505984306336,"orthographic":false}